Final Balance,Sharpe Ratio,Max Drawdown,Win Rate (%),Profit Factor
452930.099307998,0.8548709512598133,0.007729709351692014,85.49465240641712,27.14820607763726
